{"count":1,"self":13.631219199999999,"total":15.4552047,"children":{"InitializeActuators":{"count":1,"self":0.0020025999999999998,"total":0.0020025999999999998,"children":null},"InitializeSensors":{"count":1,"self":0.001003,"total":0.001003,"children":null},"AgentSendState":{"count":1383,"self":0.0064681,"total":1.7996410999999999,"children":{"CollectObservations":{"count":1383,"self":1.7811013999999998,"total":1.7811013999999998,"children":null},"WriteActionMask":{"count":1383,"self":0.0029963999999999998,"total":0.0029963999999999998,"children":null},"RequestDecision":{"count":1383,"self":0.0090752,"total":0.0090752,"children":null}}},"DecideAction":{"count":1383,"self":0.0054085999999999995,"total":0.0054085999999999995,"children":null},"AgentAct":{"count":1383,"self":0.0149307,"total":0.0149307,"children":null}},"gauges":{"RollerBall.CumulativeReward":{"count":7,"max":1482.26367,"min":-1000,"runningAverage":519.4441,"value":169.687439,"weightedAverage":424.4046}},"metadata":{"timer_format_version":"0.1.0","start_time_seconds":"1619951968","unity_version":"2020.3.0f1c1","command_line_arguments":"C:\\Program Files\\Unity\\Hub\\Editor\\2020.3.0f1c1\\Editor\\Unity.exe -projectpath C:\/Users\/hotbr\/Documents\/FooCar -useHub -hubIPC -cloudEnvironment production -hubSessionId d8250710-ab2f-11eb-94f0-25c689174a06 -accessToken kfJAf5tjJ9_EVRDyqKshO9z2No5O88ZXxqftoh65i8I00bf","communication_protocol_version":"1.5.0","com.unity.ml-agents_version":"1.9.0-preview","scene_name":"BallScene","end_time_seconds":"1619951984"}}