{"count":1,"self":36.612288,"total":39.577188199999995,"children":{"InitializeActuators":{"count":1,"self":0.0010000999999999999,"total":0.0010000999999999999,"children":null},"InitializeSensors":{"count":1,"self":0.0010003,"total":0.0010003,"children":null},"AgentSendState":{"count":4387,"self":0.0150598,"total":2.9092699,"children":{"CollectObservations":{"count":878,"self":2.8820221999999998,"total":2.8820221999999998,"children":null},"WriteActionMask":{"count":878,"self":0.0059759999999999995,"total":0.0059759999999999995,"children":null},"RequestDecision":{"count":878,"self":0.0062118999999999994,"total":0.0062118999999999994,"children":null}}},"DecideAction":{"count":4387,"self":0.0248489,"total":0.0248489,"children":null},"AgentAct":{"count":4387,"self":0.028782099999999998,"total":0.028782099999999998,"children":null}},"gauges":{},"metadata":{"timer_format_version":"0.1.0","start_time_seconds":"1620706766","unity_version":"2020.3.0f1c1","command_line_arguments":"C:\\Program Files\\Unity\\Hub\\Editor\\2020.3.0f1c1\\Editor\\Unity.exe -projectpath C:\/Users\/hotbr\/Documents\/FooCar -useHub -hubIPC -cloudEnvironment production -hubSessionId 65f06d30-b208-11eb-b299-15fea8efd7a9 -accessToken UHYLzMcK_r7rFGtIYVVmGUbzKvvmZYoYc-9L1wDZchY00bf","communication_protocol_version":"1.5.0","com.unity.ml-agents_version":"1.9.0-preview","scene_name":"VehicleScene","end_time_seconds":"1620706805"}}